database,source_id,pmid,pmcid,doi,title,abstract,authors,journal,year,record_url,nct_id,overall_status,databases_found,dedup_key
ClinicalTrials.gov,NCT04611776,,,,"A Phase II, Randomized, Double-Blind, Placebo-Controlled Study Evaluating the Efficacy and Safety of Adjuvant Platinum-Doublet Chemotherapy, With or Without Atezolizumab, in Patients Who Are ctDNA Positive After Complete Surgical Resection of Stage IB to Select IIIB Non-Small Cell Lung Cancer","This is a Phase II, multicenter, double-blind, randomized study designed to evaluate the efficacy and safety of adjuvant treatment with atezolizumab in combination with platinum-doublet chemotherapy followed by atezolizumab compared with adjuvant placebo in combination with platinum-doublet chemotherapy followed by placebo in patients with Stage IB to IIIB (T3N2) NSCLC following surgical resection who are positive for ctDNA.",Hoffmann-La Roche,ClinicalTrials.gov,2020,https://clinicaltrials.gov/study/NCT04611776,NCT04611776,WITHDRAWN,,
ClinicalTrials.gov,NCT06284317,,,,"An International, Multicentre, Open-label Randomised Phase III Trial to Evaluate the Benefit of Adding Adjuvant Durvalumab After Neoadjuvant Chemotherapy Plus Durvalumab in Patients With Stage IIB-IIIB (N2) Resectable NSCLC","ADOPT-lung is an international, multicentre, open-label randomised phase III trial. Protocol treatment consists of 3-4 cycles of neoadjuvant durvalumab in combination with platinum-based doublet chemotherapy, followed by surgery. Patients with R0 and R1 only resection will be randomised to receive either adjuvant durvalumab for 12 cycles (experimental arm) or observation (control arm). The primary objective of the study is to determine whether additional adjuvant immunotherapy with durvalumab after neoadjuvant chemo-immunotherapy has an effect on disease-free survival (DFS) in patients who do not achieve complete pathological response (pCR) as per local assessment according to the IASLC recommendations.",ETOP IBCSG Partners Foundation,ClinicalTrials.gov,2024,https://clinicaltrials.gov/study/NCT06284317,NCT06284317,RECRUITING,,
ClinicalTrials.gov,NCT05059444,,,,ORACLE: Observation of ResiduAl Cancer With Liquid Biopsy Evaluation,The purpose of ORACLE is to demonstrate the ability of a novel ctDNA assay developed by Guardant Health to detect recurrence in individuals treated for early-stage solid tumors. It is necessary that ctDNA test results are linked to clinical outcomes in order to demonstrate clinical validity for recurrence detection and explore its value in a healthcare environment subject to cost containment.,"Guardant Health, Inc.",ClinicalTrials.gov,2021,https://clinicaltrials.gov/study/NCT05059444,NCT05059444,RECRUITING,,
ClinicalTrials.gov,NCT06743555,,,,Surgery After Verifying Existing Disease in Locally Advanced Operable Lung Cancer (SAVED LUNG Study): A Pilot Study,"The SAVED LUNG study is a pilot Phase I trial evaluating safety and feasibility of observation versus standard-of-care surgery in operable Stage II-III (excluding N3) NSCLC patients (PD-L1 ≥50%) who achieve complete clinical response following neoadjuvant platinum-doublet chemotherapy and immunotherapy. Participants are randomized to observation or surgery after rigorous restaging, with primary endpoints focusing on safety and feasibility. Secondary objectives include rates of cross-over to surgery, event-free survival, and overall survival, while exploratory endpoints examine ctDNA clearance and its association with clinical response. After neoadjuvant therapy, all participants undergo intensified re-staging invasive and non-invasive modalities to assess for complete clinical response:

* Chest CT;
* PET/CT scan;
* Bronchoscopy;
* EBUS;
* EUS;
* Re-biopsy of lesions that were deemed to be positive for cancer; this includes re-biopsies of all positive lymph nodes and transthoracic needle aspiration of tumors.

Participants with complete clinical response defined by absence of disease as measured by all the above modalities will be randomized 1:1 to either observation or surgery.

Only patients with complete clinical response will proceed to the randomization stage of the trial. Block randomization will occur 1:1 with two participants per block. All other patients will remain on study and undergo therapy as per standard-of-care and will have follow-up on study. Both groups will have blood collected for ctDNA at this stage. For participants in the surgery arm, the blood sample will be 3 weeks after surgery, while participants in surveillance only arm will have the blood sample 3 weeks after randomization.",Centre hospitalier de l'Université de Montréal (CHUM),ClinicalTrials.gov,2024,https://clinicaltrials.gov/study/NCT06743555,NCT06743555,NOT_YET_RECRUITING,,
ClinicalTrials.gov,NCT04625699,,,,A Feasibility Study of Durvalumab + Tremelimumab in Resected Non Small Cell Lung Cancer (NSCLC) Patients With Detectable Circulating Tumor DNA After Adjuvant Treatment,"The purpose of this study is to determine whether it is feasible and safe to give research participants investigational treatment with durvalumab and tremelimumab after they have completed standard treatment for NSCLC and once they have detectable circulating tumor DNA (ctDNA) in the blood before there is evidence of disease recurrence on imaging studies. These investigational agents are a type of immunotherapy, which is a treatment that activates your own body's immune system to treat cancer. This is an open label, single arm, pilot study of adjuvant durvalumab+ tremelimumab (D+T) for patients with stage II-IIIB (excluding N3) NSCLC.The trial will evaluate the feasibility of adjuvant D+T in patients who have undergone surgical resection and standard of care (SOC) adjuvant treatment and subsequently develop detectable plasma ctDNA. 15 evaluable patients will be enrolled. Patients with resected stage II-IIIB (excluding N3) NSCLC who have completed adjuvant standard of care treatment will be pre-screened and consented for the trial. They will undergo ctDNA testing with the Signatera assay at the completion of adjuvant treatment and every 4 months thereafter with standard CT imaging assessment up to 1 year. Patients with detectable ctDNA at a mutant allele frequency of \>0.1% and no evidence of recurrence on CT imaging will be enrolled in the trial. They will receive durvalumab every 4 weeks for 4 cycles and tremelimuamb on cycles 1 and 3 with concomitant plasma ctDNA quantification. Patients will be followed with standard CT imaging of the chest as well as routine and exploratory blood tests every 4 months until 1 year after completion of D+T. They will also be followed for up to 3 years for determination of DFS and OS.",Columbia University,ClinicalTrials.gov,2020,https://clinicaltrials.gov/study/NCT04625699,NCT04625699,WITHDRAWN,,
ClinicalTrials.gov,NCT05757843,,,,Using Circulating Tumor DNA to Personalize Duration of Consolidation Durvalumab in Patients with Inoperable Stage III Non-small Cell Lung Cancer: the Indiana Trial,"This research aims to incorporate ctDNA analysis into clinical practice to individualize therapy in patients with stage III NSCLC by moving to a treatment-by-marker based approach (as opposed to treatment based on clinical or radiographic evidence of disease). There is a critical need to identify MRD to determine which patients benefit from checkpoint inhibitor therapy and to optimize and personalize the duration of consolidation Durvalumab. The long-term goal is to incorporate ctDNA analysis into clinical practice to individualize therapy in patients with stage III NSCLC by moving to a treatment-by-marker based approach (as opposed to treatment based on clinical or radiographic evidence of disease). This approach may spare a subset of patients from treatment with unnecessarily excessive cycles of consolidation immunotherapy if they are already cured with CRT alone and individualize the duration of consolidation immunotherapy in patients not cured with CRT. The study team also seek to identify early in the treatment course, patients who are destined not to be cured with consolidation immunotherapy so that alternative strategies can be tested when tumor burden is low.",Indiana University,ClinicalTrials.gov,2023,https://clinicaltrials.gov/study/NCT05757843,NCT05757843,WITHDRAWN,,
ClinicalTrials.gov,NCT04931654,,,,"A Phase I/IIa Open-label Dose Escalation and Expansion Study to Evaluate the Safety, Pharmacokinetics, Pharmacodynamics, and Efficacy of AZD7789, an Anti-PD-1 and Anti-TIM-3 Bispecific Antibody, in Participants With Advanced or Metastatic Solid Tumors.","This is a Phase I/IIa study designed to evaluate if experimental anti-PD-1 and anti-TIM-3 bispecific antibody, AZD7789 is safe, tolerable and efficacious in participants with advanced solid tumors. This first time in patients, open-label, multi-centre study will have AZD7789 administered intravenously (IV) to participants with advanced solid tumors. This study will have 2 parts: Part A which will have dose escalation cohorts and Part B which will have the dose expansion cohorts.",AstraZeneca,ClinicalTrials.gov,2021,https://clinicaltrials.gov/study/NCT04931654,NCT04931654,ACTIVE_NOT_RECRUITING,,
ClinicalTrials.gov,NCT04302025,,,,"NAUTIKA1: A Multicenter, Phase II, Neoadjuvant and Adjuvant Study of Multiple Therapies in Biomarker-selected Patients With Resectable Stages IB-III Non-small Cell Lung Cancer","This trial will evaluate the efficacy and safety of various therapies in participants with Stage IB, IIA, IIB, IIIA, or selected IIIB resectable and untreated NSCLC tumors that meet protocol-specified biomarker criteria.","Genentech, Inc.",ClinicalTrials.gov,2020,https://clinicaltrials.gov/study/NCT04302025,NCT04302025,RECRUITING,,
ClinicalTrials.gov,NCT06977074,,,,Prospective Phase II Proof-of-Concept Trial on Circulating Tumor DNA (ctDNA)-Optimized Induction Immunochemotherapy Cycle Reduction for Resectable Non-Small Cell Lung Cancer,"The goal of this clinical trial is to evaluate the clinical value of ctDNA testing in guiding the optimization of immunochemotherapy cycles during induction treatment for resectable patients with NSCLC. The main questions it aims to answer are:

* Does ctDNA clearance indicate pathological complete response?
* Are additional cycles of immunochemotherapy necessary for patients who have ctDNA clearance after initial cycles of treatment? Researchers will use ctDNA dynamics to guide the cycles of induction treatment to see if some patients can avoid excessive cycles of treatment. Advances in precision medicine have highlighted the potential of circulating tumor DNA (ctDNA) detection in NSCLC diagnosis, treatment efficacy monitoring, and prognosis evaluation. Induction immunotherapy combined with chemotherapy is now a standard treatment for patients with resectable NSCLC, but optimizing the number of immunochemotherapy cycles to enhance efficacy and reduce toxicity remains a critical clinical challenge. In this Phase II, proof-of-concept trial, around 83 patients with AJCC stage IIA-IIIB NSCLCs who are deemed resectable by an MDT team will participate to evaluate the potential role of dynamic ctDNA changes in guiding the cycle reduction of induction immunotherapy combined with chemotherapy while maintaining overall efficacy.

Eligible patients will receive 2 cycles (21-day intervals) of PD-1 inhibitor + platinum-based chemotherapy. Subsequent cycles (1-2 additional cycles) are determined by ctDNA status via tumour-agnostic strategies:

1. For patients with ctDNA clearance: Randomized (1:1) to surgery or continued therapy.
2. For patients with ctDNA persistence: Sequential 1-2 additional cycles. For all patients who are available to undergo surgery, the operation will be performed 4-6 weeks following the last cycle of treatment.",Sun Yat-sen University,ClinicalTrials.gov,2025,https://clinicaltrials.gov/study/NCT06977074,NCT06977074,RECRUITING,,
ClinicalTrials.gov,NCT04585490,,,,Personalized Escalation of Consolidation Treatment Following Chemoradiotherapy and Immunotherapy in Stage III NSCLC,"The purpose of this study is to test whether or not number of circulating cancer cells detected in the blood can be decreased the by combining the standard treatment (durvalumab) with Tremelimumab and additional chemotherapy Primary objective is to measure the change in the levels of circulating tumor DNA (ctDNA) in Cohort 1 (MRD+) due to the addition of Tremelimumab and platinum doublet chemotherapy in subjects with stage III unresectable disease with positive DNA treated with consolidation chemotherapy and immunotherapy.

Secondary Objectives:

To determine the proportion of subjects in Cohort 1 MRD+ for whom ctDNA becomes undetectable after adding chemotherapy and tremelimumab to consolidation durvalumab

To describe compare overall survival (OS) of subjects with baseline detectable ctDNA (Cohort 1 MRD+) vs baseline undetectable ctDNA (Cohort 2 MRD ) ·To compare progression free survival (PFS) between subjects with baseline detectable (Cohort 1 MRD+) vs baseline undetectable ctDNA (Cohort 2 MRD )",Stanford University,ClinicalTrials.gov,2020,https://clinicaltrials.gov/study/NCT04585490,NCT04585490,RECRUITING,,
ClinicalTrials.gov,NCT04791215,,,,An Observational Study of Circulating Tumor DNA Genetic Alterations in Non-small Cell Lung Cancer Patients Treated With Pembrolizumab,"The purpose of this study is to learn how to use blood tests to better predict how patients with non-small cell lung cancer, who are taking pembrolizumab for cancer treatment, will respond to treatment with pembrolizumab, and to understand how the immune system and cancer interact.

Tests will be performed on tumor tissue and blood samples, and imaging assessments will be reviewed in order to monitor how well each patient responds to treatment. This is an observational study, so participants will not receive cancer treatment, other than the treatment received as standard of care. The primary and secondary endpoints of this study are to determine the kinetics of Circulating tumor DNA (ctDNA) as defined by a set of patient-specific tumor mutations. The analysis will be undertaken using the Signatera Assay from Natera. Circulating tumor DNA in plasma samples obtained over the course of pembrolizumab treatment will be assessed by high-intensity, next-generation genetic sequencing to identify genomic alterations in genes. The assay will target 16 defined patient specific mutations. Data acquired will be analyzed to characterize the association between these genetic elements, clinical response, and durability of responses. There will be prospective and retrospective groups for the study. Samples will be collected from patients in the prospective cohort who have been treated with pembrolizumab monotherapy at Columbia University Irving Medical Center under standard of care treatment. Subjects in the retrospective cohort will provide genetic data.",Columbia University,ClinicalTrials.gov,2021,https://clinicaltrials.gov/study/NCT04791215,NCT04791215,TERMINATED,,
ClinicalTrials.gov,NCT06951646,,,,"ctDNA-MRD Guided Escalation of Ivonescimab and Docetaxel in Advanced NSCLC With Long-Term Responses to First-line Immunotherapy: a Randomized, Open-label, Phase II Trial (CR1STAL-Adaptive)","The CR1STAL-Adaptive study is a randomized, open-label, phase II multicenter interventional trial designed to evaluate the safety and efficacy of Ivonescimab (PD-1/VEGF bispecific antibody) combined with docetaxel versus standard treatment in patients with advanced NSCLC who have achieved long-term benefit from first-line immune checkpoint inhibitors (ICIs), but are ctDNA-MRD positive. Building upon insights from previous CR1STAL study (NCT05198154), the CR1STAL-Adaptive study supports the development of precision-guided, adaptive treatment strategies to delay progression and improve outcomes in NSCLC patients with a long-term response to immunotherapy. It represents a step forward in integrating dynamic molecular monitoring with individualized intervention strategies in the era of immunotherapy.",Second Xiangya Hospital of Central South University,ClinicalTrials.gov,2025,https://clinicaltrials.gov/study/NCT06951646,NCT06951646,RECRUITING,,
ClinicalTrials.gov,NCT06529822,,,,Phase 1 Clinical Trial of a Personalized Cancer Vaccine (PCV) Strategy in Patients With Solid Tumors and Molecular Residual Disease,"This is a phase 1 clinical trial to evaluate the safety, feasibility and immunogenicity of a personalized cancer vaccine strategy in patients with solid tumors and molecular residual disease. The hypothesis of the trial is that synthetic long peptide personalized cancer vaccines will be safe and capable of generating measurable neoantigen-specific T-cell responses enabling ctDNA clearance. The personalized cancer vaccines are composed of synthetic long peptides corresponding to prioritized cancer neoantigens and will be co-administered with poly-ICLC.",Washington University School of Medicine,ClinicalTrials.gov,2024,https://clinicaltrials.gov/study/NCT06529822,NCT06529822,RECRUITING,,
ClinicalTrials.gov,NCT07489066,,,,"AN INTERVENTIONAL, OPEN-LABEL, PHASE 2 STUDY TO INVESTIGATE THE SAFETY AND EFFICACY OF PF-08634404 MONOTHERAPY OR IN COMBINATION IN ADULT PARTICIPANTS WITH EARLY-STAGE RESECTABLE OR LOCALLY ADVANCED UNRESECTABLE NON-SMALL CELL LUNG CANCER","This study is being done to learn more about a new medicine called PF-08634404. The study team wants to understand how well it works when given alone or with chemotherapy. The study is for adults with early stage or locally advanced non-small cell lung cancer (NSCLC) that may or may not be removable with surgery.

The study is seeking participants who:

* Are aged 18 years or older
* Have either:

  * Early-stage or locally advanced (Stage II or IIIA/B) NSCLC and are a candidate for neoadjuvant therapy, followed by surgical removal of the tumor. Neoadjuvant therapy is a treatment given as a first step to shrink the tumor before surgery.
  * Early-stage or locally advanced (Stage II or IIIA/B) NSCLC and are a candidate for adjuvant therapy and did not achieve a pathological complete response (pCR) from approved treatment that was administered before surgery. Adjuvant therapy is an additional cancer treatment given after the primary treatment to lower the risk that the cancer will come back. pCR is defined as absence of viable tumor in all surgically removed samples.
  * Locally advanced (Stage III) NSCLC that may not be removable with surgery, was treated with concurrent chemoradiotherapy (cCRT), and is a candidate for additional treatment, otherwise known as consolidation therapy. cCRT is chemotherapy and radiation given simultaneously.
* Be in good physical condition and have healthy organs based on medical tests.
* Do not have known actionable changes in DNA

The study has 3 parts and each participant will be assigned to one part by their doctor based on their disease diagnosis:

* Part A will test PF-08634404 given with chemotherapy in the neoadjuvant setting, followed by surgery.
* Part B will test PF-08634404 alone in adults who already were treated with neoadjuvant chemo-immunotherapy, underwent surgery, and did not achieve pCR per tumor tissue pathology analysis. Neoadjuvant chemo-immunotherapy refers to the combination of chemotherapy with immunotherapy per local standard-of-care, given before surgical removal of the tumor.
* Part C will test PF-08634404 alone in adults with unresectable disease who received cCRT and did not have progressive disease. Progressive disease refers to a condition that grows, spreads, or worsens.

All treatments will be done at clinical study sites, where a trained medical team will monitor adults during and after each visit.",Pfizer,ClinicalTrials.gov,2026,https://clinicaltrials.gov/study/NCT07489066,NCT07489066,RECRUITING,,
ClinicalTrials.gov,NCT07754812,,,,"A Multicenter, Open-Label, Single-Arm Phase I/II Study of Oral Paclitaxel Solution Combined With an Immune Checkpoint Inhibitor and Concurrent Stereotactic Body Radiotherapy as Neoadjuvant Treatment in Older Patients With Resectable Stage IIA-IIIB Non-Small Cell Lung Cancer","his multicenter, open-label, single-arm phase I/II trial will evaluate the safety, tolerability, and preliminary efficacy of oral paclitaxel solution combined with an immune checkpoint inhibitor and concurrent stereotactic body radiotherapy (SBRT) as neoadjuvant therapy in patients aged 70 years or older with resectable stage IIA-IIIB non-small cell lung cancer (NSCLC) without sensitizing EGFR, ALK, or ROS1 alterations.

In Phase I, a 3+3 dose-escalation design will evaluate oral paclitaxel at 80, 120, and 160 mg/m² administered orally on Days 1 and 8 of each cycle, divided into morning and evening doses, in combination with an investigator-selected anti-PD-1 or anti-PD-L1 monoclonal antibody and SBRT at 8 Gy in 3 fractions. Phase II will expand enrollment at the recommended Phase II dose (RP2D). The principal efficacy outcome is pathologic complete response after surgery. Other outcomes include major pathologic response, radiographic response, event-free survival, overall survival, surgical resection and R0 resection rates, and exploratory biomarker changes. Older patients with NSCLC may have reduced organ reserve, more comorbidities, and a higher risk of toxicity from standard platinum-based chemotherapy, intensive radiotherapy, or multimodality treatment. The study is designed to explore a potentially lower-intensity neoadjuvant regimen that combines oral paclitaxel solution, immune checkpoint blockade, and precision radiotherapy.

Phase I will use a conventional 3+3 dose-escalation design. Oral paclitaxel solution will be evaluated at 80, 120, and 160 mg/m² on Days 1 and 8 of each cycle, administered in divided morning and evening doses. An anti-PD-1 or anti-PD-L1 monoclonal antibody will be selected by the investigator according to standard of care and administered according to the approved prescribing information. Concurrent SBRT will be delivered at 8 Gy per fraction for 3 fractions to the primary lung tumor and selected nodal regions. The Phase I objective is to evaluate safety and identify the RP2D.

Phase II will enroll additional participants at the RP2D to evaluate antitumor activity and feasibility. Participants who remain suitable for radical lung cancer surgery are intended to undergo resection after completion of neoadjuvant treatment. The study will assess pathologic response, radiographic response, surgical feasibility, event-free survival, overall survival, and changes in immune cell subsets, circulating tumor DNA, and PD-L1 expression.","Shanghai Pulmonary Hospital, Shanghai, China",ClinicalTrials.gov,2026,https://clinicaltrials.gov/study/NCT07754812,NCT07754812,RECRUITING,,
ClinicalTrials.gov,NCT07359040,,,,Mechanisms of Enhanced Efficacy of Ivonescimab in Neoadjuvant Therapy for Non-Small Cell Lung Cancer,"This is an exploratory clinical study focusing on the neoadjuvant treatment of non-small cell lung cancer (NSCLC). The study primarily aims to compare the efficacy and safety of Ivonescimab, a novel PD-1/VEGF bispecific antibody, with those of conventional PD-1 inhibitors. Beyond evaluating its direct therapeutic benefits, this research also seeks to elucidate the potential mechanisms underlying the enhanced efficacy of Ivonescimab. Additionally, the study will conduct secondary exploratory analyses, including the identification and validation of predictive and prognostic biomarkers, as well as multi-omics profiling to investigate the molecular mechanisms of action. Collectively, these efforts aim to provide comprehensive experimental data to support the rational clinical application of Ivonescimab and the development of precision medicine strategies for NSCLC. Lung cancer is one of the leading causes of cancer-related deaths in China and worldwide, imposing a significant societal burden. Although comprehensive treatment strategies centered around surgery have improved patient prognosis, and perioperative immunotherapy has profoundly reshaped the therapeutic landscape, this field still faces substantial knowledge gaps and key challenges.

This study focuses on Ivonescimab, a first-in-class PD-1/VEGF bispecific antibody. Ivonescimab simultaneously blocks PD-1 to reactivate antitumor immune response by releasing T-cell inhibition and inhibits VEGF to suppress tumor angiogenesis while modulating the immunosuppressive tumor microenvironment. The primary objectives of this research are to evaluate the efficacy and safety of Ivonescimab compared with conventional immunotherapy and to investigate its potential mechanisms of action, thereby providing scientific evidence to support its clinical application.The secondary objectives are to identify and validate potential predictive and prognostic biomarkers associated with the clinical efficacy and safety of Ivonescimab, and to perform multi-omics analyses (including genomics, transcriptomics, proteomics, and metabolomics) to explore the underlying molecular mechanisms of Ivonescimab in regulating antitumor immune response, remodeling tumor angiogenesis, and modulating the tumor microenvironment, so as to lay a theoretical foundation for the precise application of Ivonescimab and the development of combined therapeutic strategies.",Peking University People's Hospital,ClinicalTrials.gov,2026,https://clinicaltrials.gov/study/NCT07359040,NCT07359040,RECRUITING,,
ClinicalTrials.gov,NCT07483112,,,,"Multicenter, Randomized, Controlled Trial to Study the Effects of a High-Fiber Dietary Intervention on ctDNA Clearance and the Microbial and Immunological Landscape in Patients With Advanced Non-Small Cell Lung Cancer Receiving PD-1/PD-L1-Targeted Monotherapy (Fiber-Boost)","In the present study 'Fiber-Boost', we investigate how a high-fiber diet affects the immunotherapy of advanced lung cancer and what effects it has on the gut microbiome (i.e., the bacteria in the gut) as well as the immune system. Study participants will be assigned to either a test group or a control group. Only patients in the test group will undergo a high-fiber diet. The study lasts 6 weeks per patient and will be conducted at 4 centers within Switzerland. A total of 42 patients are planned to be included in the study. The activity of immune checkpoint blockade (ICB) mechanistically depends on the host microbiome and is manipulable through diet. In this study termed Fiber-Boost, we propose a multicenter trial of a supplement-based high-fiber diet (HFD) in non-small cell lung cancer (NSCLC) treated with first-line ICB monotherapy. Using a randomized, controlled design, we mechanistically explore the role of dietary fibers in cancer immunotherapy. Circulating tumor DNA (ctDNA) quantification as well as a rich pipeline of companion microbiome and immune profiling technologies will improve the understanding of the diet-microbiome-immune axis in therapeutic anticancer immunity and treatment response. The overarching goal is to elucidate novel therapeutic strategies for ICB sensitization in NSCLC using microbiome-centered, non-pharmaceutical interventions. Sex and gender dimensions are biologically not sufficiently relevant for the current study to merit corresponding stratification or analyses.",Cantonal Hospital of St. Gallen,ClinicalTrials.gov,2026,https://clinicaltrials.gov/study/NCT07483112,NCT07483112,RECRUITING,,
ClinicalTrials.gov,NCT04853017,,,,First in Human Phase 1 Trial of ELI-002 Immunotherapy as Treatment for Subjects With Kirsten Rat Sarcoma (KRAS) Mutated Pancreatic Ductal Adenocarcinoma and Other Solid Tumors,"This is a Phase 1 study to assess the safety and efficacy of ELI-002 immunotherapy (a lipid-conjugated immune-stimulatory oligonucleotide \[Amph-CpG-7909\] plus a mixture of lipid-conjugated peptide-based antigens \[Amph-Peptides\]) as adjuvant treatment of minimal residual disease (MRD) in subjects with KRAS/neuroblastoma ras viral oncogene homolog (NRAS) mutated PDAC or other solid tumors. This is a Phase 1 dose escalation study in which ELI-002 2P (Amph modified KRAS peptides, Amph-G12D and Amph-G12R admixed with admixed Amph-CpG-7909) will be evaluated, with plans to transition to the ELI-002 7P drug product containing all 7 Amph-Peptides (G12D, G12R, G12V, G12A, G12C, G12S, G13D) in future clinical trials.

The study is an open-label, dose-escalation, 3+3 design in which approximately 18 subjects will be treated in 3 planned dose level cohorts. Increasing doses of Amph-CpG-7909 will be evaluated sequentially. Additional cohorts may be added to explore intermediate or higher dose levels based on cumulative safety review and preliminary review of pharmacodynamic responses. Safety and pharmacodynamic data will be evaluated and a recommended Phase 2 dose (RP2D) will be determined in consideration of a maximum tolerated dose (MTD) if observed.",Elicio Therapeutics,ClinicalTrials.gov,2021,https://clinicaltrials.gov/study/NCT04853017,NCT04853017,COMPLETED,,
ClinicalTrials.gov,NCT05715229,,,,A Multicenter Phase II Randomized Trial Of Immunotherapy Versus Chemotherapy Guided By Circulating Tumor DNA-Based Molecular Response On Patients With Metastatic NSCLC,"This clinical trial plans to assess to what extent the on-treatment circulating tumor DNA (ctDNA) can predict the subset of patients with NSCLC who will respond to immunotherapy treatment only and which patients will need both immunotherapy and chemotherapy modalities for their treatment regimen. Subjects will be randomized 2:1 and patients in both arms will begin treatment with nivolumab 360 mg intravenously every 3 weeks and ipilimumab 1 mg/kg intravenously every 6 weeks. At five weeks of treatment, subjects will have ctDNA response evaluation with Guardant360 Response assay. At the next cycle of treatment (+/- 2 days), patients in the larger arm will receive treatment based on the Guardant360 Response assay results, as described below. Subjects will undergo ctDNA evaluation with Guardant360 Response assay 6- week post-randomization and at the time of progression. Response to therapy will be assessed by interval imaging with CT scan of the chest/abdomen/pelvis (and MRI brain if applicable) with response evaluated by irRECIST criteria every 12 weeks until disease progression.",Hackensack Meridian Health,ClinicalTrials.gov,2023,https://clinicaltrials.gov/study/NCT05715229,NCT05715229,RECRUITING,,
ClinicalTrials.gov,NCT05925530,,,,"A Multicentre, Phase II, Single-Arm, Interventional Study of Neoadjuvant Durvalumab and Platinum-based Chemotherapy (CT), Followed by Either Surgery and Adjuvant Durvalumab or Chemoradiotherapy (CRT) and Consolidation Durvalumab, in Participants With Resectable or Borderline Resectable Stage IIB-IIIB Non-small Cell Lung Cancer (NSCLC)","The purpose of this study is to assess efficacy and safety of neoadjuvant durvalumab in combination with platinum-based chemotherapy (CT) given as initial therapy after cancer diagnosis followed by either surgery and adjuvant durvalumab or chemoradiotherapy (CRT) and consolidation durvalumab given alone as further therapy in participants with resectable and borderline resectable stage IIB-IIIB NSCLC. This will be a multicentre, Phase II, single-arm, global study assessing the efficacy and safety of neoadjuvant durvalumab and platinum-based CT, given intravenously, followed by either surgery and adjuvant durvalumab or definitive CRT and consolidation durvalumab in participants with resectable and borderline resectable stage IIB-IIIB NSCLC.

Neoadjuvant Period A:

All participants will initially receive 2 cycles of neoadjuvant durvalumab + CT (investigator's choice platinum-based) every three weeks. Participants will be assessed for resectability by a multidisciplinary team.

Neoadjuvant Period B:

Cohort 1: Participants who are deemed eligible for surgery will receive study intervention every three weeks for an additional one and up to two cycles, followed by surgery.

CRT:

Cohort 2: Participants with unresectable tumours (according to MDT re-assessment) will receive definitive CRT (6 one-week cycles) for approximately six weeks.

Both cohorts will then go on to receive durvalumab every four weeks until disease progression or recurrence or up to one year.",AstraZeneca,ClinicalTrials.gov,2023,https://clinicaltrials.gov/study/NCT05925530,NCT05925530,ACTIVE_NOT_RECRUITING,,
ClinicalTrials.gov,NCT04367311,,,,"A Phase II Study of Adjuvant Treatment With Cisplatin-based Chemotherapy Plus Concomitant Atezolizumab in Patients With Stage I (Tumors ≥ 4cm), IIA, IIB, and Select Stage III [Any T1-3 N1-2 and T4N0-2] Resected Non-small Cell Lung Cancer (NSCLC) and the Clearance of Circulating Tumor DNA (ctDNA) Big Ten Cancer Research Consortium BTCRC-LUN19-396","The vast majority of patients with stage I (tumors ≥ 4cm), IIA, IIB (and select stage III) NSCLC are managed with upfront surgery, followed by adjuvant chemotherapy. However, relapse rates remain high and are primarily due to distant, metastatic disease. Previous meta-analysis evaluating the use of neo-adjuvant chemotherapy and adjuvant chemotherapy demonstrate a similar impact on improved disease free survival (DFS) and overall survival (OS). The role of checkpoint inhibitors has been proven to be effective in the treatment of patients with advanced NSCLC, regardless of histology and PD-L1 expression. Results from trials evaluating the use of checkpoint inhibitors alone or in combination with chemotherapy in the neoadjuvant setting for early stage disease are promising. However, there are no trials evaluating the role of concomitant chemotherapy and checkpoint inhibitors in the adjuvant setting. In addition, emerging data supports the use of ctDNA as a promising biomarker for early detection of minimal residual disease and have indicated that the presence of detectable ctDNA after surgery for localized lung cancer is correlated with a 90-100% chance for disease recurrence. Therefore, we propose this current study assessing concomitant chemotherapy plus Atezolizumab in the adjuvant setting for patients with stage I (tumors ≥ 4cm), IIA, IIB (and select stage III) NSCLC who have detectable ctDNA after surgery. The clearance of ctDNA will serve as a surrogate for long term DFS and OS in this patient population.",Big Ten Cancer Research Consortium,ClinicalTrials.gov,2020,https://clinicaltrials.gov/study/NCT04367311,NCT04367311,ACTIVE_NOT_RECRUITING,,
ClinicalTrials.gov,NCT06364917,,,,DISCERN: Dual Immune Strategy Versus Single Checkpoint Inhibition Efficacy Response in PDL-1 Negative Non-Small Cell Lung Cancer (NSCLC),"The purpose of this study, known as DISCERN, is to compare two different treatments for a type of lung cancer called non-small cell lung cancer (NSCLC) that does not show a marker known as PD-L1. This study will help us understand if using two types of immune therapy together with chemotherapy is better than using one type of immune therapy with chemotherapy. We're doing this by looking at changes in the subject's cancer's DNA in the blood after starting treatment.",University of Alabama at Birmingham,ClinicalTrials.gov,2024,https://clinicaltrials.gov/study/NCT06364917,NCT06364917,RECRUITING,,
ClinicalTrials.gov,NCT06250829,,,,Analysis of Variables Predicting Pathological Complete Response and Immune Related Adverse Events in Patients With Resectable Non-Small Cell Lung Cancer Receiving Neoadjuvant Immunotherapy With Chemotherapy - A Prospective Cohort Study,"Lung cancer is the chief cause of cancer death. The new standard-of-care (SOC) in operable lung cancer combines chemotherapy and an immune-stimulating drug before the surgery (neoadjuvant approach). This results in a large increase in complete cancer clearance rates compared to chemotherapy alone (±30% with combination vs ±4% with chemotherapy alone), leading to much better long-term survival and probably many more cures. However, most still don't achieve complete clearance, and a few have increases in, or spread of, their tumors while on treatment. Therefore, we need to understand why some patients benefit (responders) and others don't benefit (non-responders) on an immunotherapy-based treatment. Also, some patients unpredictably develop severe immune-type side effects related to the immunotherapy drug, although such side effects may be associated with improved anti-cancer effects. In short, the same treatment can result in complete cancer clearance in one patient, and in a worst-case scenario may result in severe toxicity or fail to control spread/growth thus precluding surgery. The immune system obviously plays a key role in both benefit and harm, yet most of the research in this field has focused only on the cancer. We plan an in-depth study in 60 patients, focusing on the cancer as well as the patient's immune system, pre-surgery. This will enable us to identify factors predicting complete cancer clearance, and the occurrence of immune-type side effects. Using highly sophisticated resources available to us here in London, we will develop predictive models enabling better patient management (including possible avoidance of surgery), and identification of key biological differences between major responders and non-responders, to highlight important new targets for the development of even newer and better therapies. RATIONALE: For patients (pts) with stage I-IIIA NSCLC, surgical resection is the SOC. Adjuvant chemotherapy (chemo) offers modest survival benefit and there remains equipoise in the relative value of adjuvant vs neo-adjuvant chemo. Recently, Health Canada approved neo-adjuvant immunotherapy (nivolumab) with platinum-based chemo (chemo/nivo) in pts with resectable (IB-IIIA) non-small cell lung cancer (NSCLC), based on a prospective trial (CM816), showing better event-free (EFS) and overall survival (OS), and pathological complete responses (pCR), making this approach as the new SoC. pCR rates in CM816 were 24% neoadjuvant nivo/chemo compared to 2.2% neoadjuvant chemo alone. In these trials, OS benefit was especially seen in pts with tumors expressing programmed death-ligand 1 (PD-L1) and those with pCR.

We propose a prospective single cohort study to analyze the predictors of pCR in a similar-sized cohort of our pts on the same neo-adjuvant chemo/nivo but employing a range of parameters that are both broader and, in some cases, more sophisticated. We intend to make use of parameters that reflect both the tumor itself as well as the integrity of immune system of the host, obviously a critical determinant of immune-mediated efficacy, yet strangely neglected in the literature. We will then seek to develop an initial predictive model for pCR with a good sensitivity/specificity, as a prelude to refining/testing the model in future work, with a much larger sample.

Noting that immune-related adverse events (IrAE's) are strongly associated with efficacy with immunotherapy, we will not only be including the emergence of early on-treatment IrAE's in our pCR modeling, but also develop an additional model as a subsidiary aim to predict IrAE's themselves. Note the incidence of ≥ grade3 AE's was 33.5% in CM816, and there is currently no available way to predict their occurrence. This is not to suggest such a model, if successful, should be used to deny such pts immune checkpoint inhibitors, but it would allow a more informed consent process, as well as more intensive pro-active monitoring to avoid the worst outcomes of serious IrAE's (which are occasionally fatal) by early intervention.

Major Aim: Development of a model predicting pCR after neo-adjuvant chemo/nivo in pts with resectable NSCLC.

Hypothesis: That an initial model, combining predictive variables from baseline tumor characteristics, baseline factors likely to be associated with host immunity, as well as treatment-emergent events, in pts with resectable NSCLC on neoadjuvant chemo/nivo, can predict a pCR with an area under the Receiver Operator Characteristic (ROC) curve of at least 0.8.

Objectives: Primary Objectives: (1) To explore the feasibility of acquiring a combination of baseline and treatment-emergent potentially predictive variables in pts with early-stage NSCLC subject to neoadjuvant chemo/nivo; (2) To curate these variables and by uni-and multi-variate analyses, to identify those independently useful in predicting pCR in these pts; (3) To combine these independently predictive factors into a model with adequate sensitivity and specificity.

Secondary Objectives: (1) To assess outcomes in patients with resectable NSCLC treated with neoadjuvant chemo/immuno; (2) To evaluate exploratory and potential biomarkers for predicting pCR, major pathological responses (MPR), overall response rate (ORR), event-free survival (EFS), overall survival (OS) and IrAE's; (3) To assess if a post-treatment (but pre-surgery) metabolic response by F18-Fluorodeoxyglucose(FDG)-Positron emission tomography(PET)/CT and a blood-only molecular residual disease assay (ctDNA clearance) can accurately predict a pCR added to or instead of a more complex model.

Endpoints: Primary: (1) To determine the predictive power (sensitivity, specificity, ROC characteristic curves) of a model, combining variables, in predicting pCR; (2) To determine whether a similar model can be constructed to predict IrAE's

Secondary Endpoints: (1) Assess pCR, MPR, clinical objective response rates (ORR), EFS and OS; and IrAE's; (2) Exploratory the feasibility of acquiring novel potential biomarkers - e.g., Lymphocyte-activation gene 3 (LAG3), Lysine-specific histone demethylase1A (LSD1), Leukemia inhibitory factor (LIF), Interleukin 6 (IL6), Interleukin 7 (IL7).

Study Population: Participants with histologically confirmed Stage IB-IIIA NSCLC who are considered to have a resectable disease; with available baseline tumor tissue for immunohistochemistry (IHC) and next-generation sequencing (NGS) except those with known epidermal growth factor receptor (EGFR) mutations, anaplastic lymphoma kinase (ALK) or receptor tyrosine kinase (ROS1) translocation; or active, known, or suspected autoimmune disease.

Study Design: A prospective single cohort (N=60) study.

Treatment Details: Patients with resectable stage Ib-IIIa NSCLC will be treated with new SoC, 3 cycles of neoadjuvant nivolumab immunotherapy plus platinum doublet chemo.

Sample Size: Our planned accrual of 60 patients will result in approximately 15 pCRs, assuming an event rate of 25%. This will allow us to explore our potential predictors and their univariable associations with pCR and/or no-pCR outcomes. The top predictors identified in univariable analyses could be used as candidate predictors in a multivariable prediction model. This framework would allow for an exploratory multivariable model predicting no-pCR with up to 9 of the top candidate predictors identified in univariable analyses, and/or up to 3- 4 of the top candidates predicting pCR. This assumes a two-sided type I error rate of 0.0516.

Feasibility: Our centre treats an average 60 patients per year with resectable NSCLC who are eligible for neoadjuvant therapy. As such, we should be able to meet our enrollment goal in approximately 12-14 months.

Significance: A model that can predict pCR could help in identifying pts most likely to benefit from neo-adjuvant chemo/nivo. If subsequently validated such a model would have several applications including pt selection for neo-adjuvant chemo/immuno; potential avoidance of surgery in reliably-predicted pCR pts of morbid thoracotomy; identification of pts needing additional treatments (e.g. CTLA4 inhibitors, or radiotherapy); acquisition of important insights into the biological underpinnings of resistance; and most crucially, identification of novel targets or strategies to overcome resistance.",London Health Sciences Centre Research Institute OR Lawson Research Institute of St. Joseph's,ClinicalTrials.gov,2024,https://clinicaltrials.gov/study/NCT06250829,NCT06250829,UNKNOWN,,
ClinicalTrials.gov,NCT07285434,,,,"Clinical Study of the Therapeutic Effectiveness of In-silico-Designed, Machine Learning Inspired, and Quantum-molecularly Coupled Personalized Neoantigenic Vaccines Microlyvaq™ in Patients With Advanced Non-small Cell Lung Cancer","Microlyvaq™ is a first-line, non-randomized, two-arm clinical trial in advanced non-small cell lung cancer (NSCLC). In both arms, patients receive a personalized multi-epitope vaccine (Microlyvaq™) on top of standard-of-care chemo-immunotherapy, with treatment tailored by histology:

Arm 1 - Squamous NSCLC: Microlyvaq™ + carboplatin AUC 5 + paclitaxel 175 mg/m² + pembrolizumab Arm 2 - Non-squamous NSCLC: Microlyvaq™ + carboplatin AUC 5 + pemetrexed 500 mg/m² + pembrolizumab Because this is a non-randomized study, patients are assigned to arms based on tumor histology (squamous vs non-squamous), not by random allocation.

The core problem it addresses is that even with pembrolizumab plus histology-appropriate chemotherapy, many patients either never respond or respond briefly and then progress. Tumors evade by exhausting T cells, excluding them from the tumor bed, evolving antigen loss, and maintaining suppressive myeloid and stromal niches. Microlyvaq™ is designed to overcome these resistance modes by actively installing new, durable, polyfunctional anti-tumor immunity rather than relying only on pre-existing T cells.

Here's how it works. Each patient's tumor is sequenced (whole exome and RNA-seq) to identify both well-known lung cancer-associated antigens (e.g. NY-ESO-1, SOX2, p53, MAGE-A4, BRAF, BMI1, FXR1, HuD, HuC, CAGE) and private neoantigens created by that tumor's specific mutations, fusions, and splice variants. From this large antigen pool, machine learning models score each candidate epitope for that specific patient. The models consider predicted HLA class I and II presentation, how efficiently the antigen will actually be processed and displayed, whether it's expressed in tumor but not healthy tissue, how essential it is to most malignant cells (to avoid easy escape), and whether it is likely to drive functional, non-exhausted T-cell responses. This is not a generic ranking; it is individualized per patient.

The most promising epitopes then undergo a quantum molecular coupling evaluation. Instead of simply asking whether a peptide binds a given HLA, Microlyvaq™ modeling simulates the peptide-MHC complex as a physical system and approximates solutions to Ĥψ = Eψ to estimate whether the peptide will form a stable, low-energy, presentation-competent conformation that a realistic T-cell receptor can dock to without high energetic penalty. Epitopes that look good in simple binding screens but are predicted to be unstable, transient, or geometrically inaccessible to TCRs are excluded. The remaining epitope set is engineered to: (1) recruit potent CD8⁺ cytotoxic T cells that can kill tumor cells, and (2) recruit CD4⁺ Th1 helper T cells that produce IFN-γ, TNF-α, and IL-2 to sustain and support those killers. The vaccine is therefore intentionally multi-epitope, Th1-biased, and patient-specific.

Each personalized Microlyvaq™ lot is manufactured under GMP and given as a prime-boost series in sync with pembrolizumab and the appropriate chemotherapy backbone for the patient's histologic arm (carboplatin/paclitaxel for squamous; carboplatin/pemetrexed for non-squamous). Timing is deliberate: chemotherapy induces immunogenic tumor cell death and antigen release and transiently ""opens up"" the tumor microenvironment, while pembrolizumab lifts PD-1-mediated brakes on emerging T cells. Microlyvaq™ is dosed into that vulnerable window to expand vaccine-encoded clones just as new antigen is exposed and suppression is partially relieved. The goal is to generate rapid tumor shrinkage, then sustained immune pressure on residual disease, plus epitope spreading - where the immune system begins to recognize additional tumor targets beyond those in the vaccine, making escape more difficult.

The trial itself is structured as a seamless, adaptive, non-randomized Phase I/IIa study, with two predefined histology-based arms (squamous vs non-squamous) rather than randomized treatment allocations. The primary early endpoint is objective response rate (RECIST v1.1). Key secondary endpoints include progression-free survival, duration of response, and overall survival. In addition, the study incorporates real-time translational signals as decision points, including:

1. polyfunctional Th1 and CD8⁺ responses to vaccine epitopes by ELISpot/ICS,
2. durable expansion and persistence of vaccine-linked TCR clonotypes in blood and, when feasible, in tumor,
3. rapid decline in circulating tumor DNA as an early molecular marker of tumor clearance,
4. improved tumor infiltration by CD8⁺ and Th1 cells, and
5. remodeling of the tumor microenvironment away from suppressive myeloid states. If a given histology arm shows strong clinical responses plus these immune/molecular signals, that arm can seamlessly expand into survival-powered confirmation. If it does not, predefined futility rules allow that arm to stop, all within this non-randomized, adaptive framework. This is an early Phase I, non-randomized, open-label, histology-stratified, two-arm interventional study evaluating Microlyvaq™, a personalized multi-epitope peptide vaccine, in combination with first-line pembrolizumab and platinum-based chemotherapy in adults with advanced or metastatic non-small cell lung cancer (NSCLC).

Patients are assigned to treatment arm according to tumor histology only (no randomization):

* Arm 1 (Squamous NSCLC): Microlyvaq™ + carboplatin AUC 5 + paclitaxel 175 mg/m² + pembrolizumab.
* Arm 2 (Non-squamous NSCLC): Microlyvaq™ + carboplatin AUC 5 + pemetrexed 500 mg/m² + pembrolizumab, with standard folate, vitamin B12, and corticosteroid premedication.

Rationale and Unmet Need Pembrolizumab plus platinum-based chemotherapy is a standard first-line option in metastatic NSCLC and improves survival compared with chemotherapy alone. However, many patients never respond, and responders often experience early progression. Current biomarkers (e.g., PD-L1 expression or tumor mutational burden) do not reliably predict durable benefit. Major causes of failure include incomplete or exhausted tumor-reactive T-cell repertoires, stromal and vascular barriers to T-cell infiltration, immunosuppressive myeloid and cytokine milieus, metabolic constraints in the tumor microenvironment, and antigenic escape under immune pressure. Releasing PD-1-mediated inhibition, even together with chemotherapy-induced antigen release, often does not generate a sustained, diversified, polyfunctional anti-tumor immune response.

Microlyvaq™ is designed to introduce into each patient a de novo, computationally defined set of tumor-directed T-cell specificities that are tailored to the individual tumor mutational and antigenic landscape, aligned with the patient's HLA genotype, and biased toward clonally important, difficult-to-lose lesions to reduce antigen-loss escape. The vaccine is administered in a prime-boost schedule intentionally synchronized with pembrolizumab and the histology-appropriate chemotherapy backbone.

The overarching early Phase I hypothesis is that a personalized multi-epitope vaccine can be safely integrated with standard chemo-immunotherapy, will induce measurable polyfunctional T-cell responses and favorable biomarker changes, and may provide preliminary signals of deeper and more durable clinical responses than would be expected with chemo-immunotherapy alone, thereby justifying later-phase studies.

Microlyvaq™ Platform (Tumor Profiling and Epitope Selection) For each participant, tumor material is analyzed using next-generation sequencing and HLA typing to generate a patient-specific pool of candidate antigens, including private neoantigens (from non-synonymous mutations, indels, fusions or splice variants) and selected tumor-associated antigens that are overexpressed in NSCLC. An AI/machine-learning-based immunogenetic scoring system evaluates each candidate epitope with respect to predicted HLA binding, processing and presentation, tumor specificity, clonality, and likelihood of immune escape. Quantum-inspired structural modeling is then used to further prioritize peptides predicted to form stable peptide-MHC complexes that are accessible to T-cell receptors. From this process, a finite panel of class I and class II peptides is selected to compose the personalized Microlyvaq™ lot for that patient.

The epitope selection algorithm is ""context-aware"" of the planned chemotherapy backbone (carboplatin/paclitaxel in Arm 1 vs carboplatin/pemetrexed in Arm 2), recognizing that these regimens differentially shape patterns of tumor cell death, vascular and stromal remodeling, and transient changes in lymphoid and myeloid compartments. Panels are therefore optimized with respect to both the patient's tumor biology and the expected treatment-induced immune milieu.

Manufacturing and Administration Microlyvaq™ is manufactured under Good Manufacturing Practice (GMP) conditions. Selected peptides are synthesized, purified, and blended into a multi-epitope peptide formulation, with standard identity, purity, sterility, and endotoxin testing and verification of chain-of-identity and chain-of-custody. Feasibility endpoints include the proportion of enrolled patients in whom a Microlyvaq™ lot can be successfully generated and released within a clinically relevant time window from biopsy to first vaccination, as well as logistical performance across manufacturing, storage, shipping, and on-site handling.

The vaccine is administered by subcutaneous or intradermal injection (final route defined in the protocol) in a prime-boost schedule coordinated with pembrolizumab and chemotherapy (e.g., a prime in Cycle 1 followed by boosts in subsequent cycles and, where appropriate, during pembrolizumab maintenance). Standard premedication and post-dose observation are used to monitor for local and systemic reactions.

Study Objectives and Assessments Because this is an early Phase I non-randomized trial, the primary focus is on safety, tolerability, and feasibility of integrating Microlyvaq™ into standard first-line regimens for squamous and non-squamous NSCLC. Treatment-emergent adverse events, serious adverse events, and immune-related adverse events will be collected and graded using standard criteria. Feasibility measures include adherence to the planned vaccination schedule and the ability to deliver individualized vaccine lots on time.

Key secondary and exploratory objectives include evaluation of vaccine-induced CD4⁺ and CD8⁺ T-cell responses against vaccine-encoded epitopes, T-cell receptor (TCR) repertoire dynamics (clonal expansion and persistence of vaccine-linked clonotypes), circulating tumor DNA (ctDNA) kinetics, and changes in the tumor microenvironment in patients who consent to on-treatment biopsies. Preliminary anti-tumor activity (e.g., overall response rate, duration of response, progression-free survival and overall survival per RECIST v1.1) will be described separately in each arm; the study is not powered for formal inter-arm comparisons.

Patient Population and Treatment Eligible patients are adults with advanced (stage IIIB/IIIC) or metastatic (stage IV) NSCLC who are candidates for first-line pembrolizumab plus platinum-based chemotherapy according to local standards, have ECOG performance status 0-1, adequate organ function, and sufficient tumor tissue for sequencing and HLA typing. Patients with squamous histology are assigned to Arm 1; those with non-squamous histology (e.g., adenocarcinoma or large-cell) are assigned to Arm 2. Key exclusions include prior PD-1/PD-L1/CTLA-4 blockade in the metastatic setting, uncontrolled CNS metastases, and clinically significant active autoimmune disease. Full eligibility criteria are specified elsewhere in the protocol.

Safety Monitoring and Oversight Patients will undergo regular clinical evaluations, laboratory testing, and radiologic assessments. Dosing of Microlyvaq™, pembrolizumab, and chemotherapy may be withheld, modified, or discontinued according to protocol-defined criteria in the event of toxicity. Immune-related toxicities will be managed in accordance with contemporary guidelines for checkpoint inhibitors, with additional guidance for suspected vaccine-related events. An independent Data Safety Monitoring Board (DSMB) will periodically review accumulating safety, feasibility, and emerging efficacy/biomarker data and may recommend modification, temporary suspension, or early termination of one or both histology-defined arms if warranted.

Sample Size and Design Summary The initial safety cohort will enroll 12 patients who will be evaluable for toxicity. If no Microlyvaq™-related adverse event of \> Grade 2 is observed in more than 3 patients and no Grade 4 Microlyvaq™-related toxicity is observed in any patient, enrollment may expand to a total of 30 patients across both non-randomized arms. Data from this early Phase I study are intended to support the feasibility, safety, and biological activity of Microlyvaq™ and to guide the design of subsequent Phase Ib/II trials in squamous and non-squamous NSCLC.",Biogenea Pharmaceuticals Ltd.,ClinicalTrials.gov,2025,https://clinicaltrials.gov/study/NCT07285434,NCT07285434,ENROLLING_BY_INVITATION,,
ClinicalTrials.gov,NCT05236114,,,,TEMPUS GEMINI NSCLC STUDY: A Longitudinal Multi-Omic Biomarker Profiling Study of Patients With Non-Small Cell Lung Cancer (NSCLC),"GEMINI NSCLC Study is a non-interventional study that will be collecting clinical and molecular health information from patients with NSCLC who will receive longitudinal blood collection in addition to their standard of care therapy and disease surveillance with the goals of identifying the molecular evolution of lung cancer with standard of care therapy, and determining the utility of ctDNA dynamics to predict risk of recurrence and therapeutic outcomes.",Tempus AI,ClinicalTrials.gov,2022,https://clinicaltrials.gov/study/NCT05236114,NCT05236114,RECRUITING,,
ClinicalTrials.gov,NCT04966676,,,,Beyond Chemotherapy: Nivolumab-Ipilimumab With cfDNA-guided Treatment Intensification as a Chemotherapy-sparing Strategy in Metastatic Non-small Cell Lung Cancer,"The purpose of this research study is to look at how effective two drugs, nivolumab and ipilimumab, are for people with non-small lung cancer that has metastasized (has spread to other parts of the body) and to see what effects these drugs have on these tumors. The study will use a special blood test to evaluate the response of the cancer to treatment. This blood test will analyze tumor DNA present in the blood (deoxyribonucleic acid, molecules that contain instructions for the development and function of cells). Patients that do not have evidence of a good response using this blood test will also undergo a short course of chemotherapy in addition to nivolumab and ipilimumab.","University Health Network, Toronto",ClinicalTrials.gov,2021,https://clinicaltrials.gov/study/NCT04966676,NCT04966676,TERMINATED,,
ClinicalTrials.gov,NCT07119190,,,,Construction of a Perioperative Comprehensive Diagnosis and Treatment System for Lung Cancer in the Era of Neoadjuvant Immunotherapy,"The goal of this study is to develop and refine an integrated minimally invasive care pathway for resectable lung cancer in the immunotherapy era, establishing a novel precision perioperative immunotherapy paradigm encompassing original techniques and clinical applications. Lung cancer remains the leading cause of cancer-related mortality in China and globally, imposing a substantial disease burden on society. Although comprehensive treatment strategies centered on surgery have improved patient outcomes, and perioperative immunotherapy-particularly immune checkpoint inhibitors-has profoundly reshaped the therapeutic landscape, significant knowledge gaps and critical challenges persist in this field. These challenges include uncertain beneficiary populations, poorly understood immune mechanisms, inaccurate efficacy prediction, difficult determination of resection margins, controversial efficacy assessment, and lack of effective early warning for adverse reactions.

This study will systematically identify biomarkers for early diagnosis and recurrence monitoring through multi-omic analysis of peripheral blood immune cell subsets and non-invasive liquid biopsies; investigate the tumor immune microenvironment's role in immunotherapy response mechanisms and predict treatment efficacy via multi-omic studies of tissue specimens; develop novel AI- and radiomics-assisted pathological assessment systems and prognostic prediction models; implement perioperative symptom assessment for timely identification of immune-related adverse events (irAEs) while conducting prehabilitation training for perioperative nursing care.",Peking University People's Hospital,ClinicalTrials.gov,2025,https://clinicaltrials.gov/study/NCT07119190,NCT07119190,NOT_YET_RECRUITING,,
ClinicalTrials.gov,NCT06045767,,,,T-Cell Repertoire Sequencing: Assessing Pembrolizumab Efficacy in Advanced Non-small Lung Cancer,"This is a single site, non-randomized trial for the assessment of intravenous (IV) pembrolizumab (also known as MK-3475) combined with pemetrexed/platinum-based chemotherapy in subjects with advanced or metastatic non-squamous non-small lung cancer (NSCLC) who have not previously received systemic therapy for advanced disease and in whom directed therapy is not indicated. Approximately 30 subjects will be enrolled in this trial to examine the clonality and diversity dynamics matched with disease response evaluated by RECIST 1.1. Subjects will receive pembrolizumab 200 mg combined with pemetrexed and platinum (investigator's choice of cisplatin or carboplatin), as indicated below:

Pembrolizumab 200 mg + pemetrexed 500 mg/m2 (with vitamin supplementation) + cisplatin 75 mg/m2 OR carboplatin AUC 5, all on Day 1 every 3 weeks (Q3W) for 4 cycles followed by pembrolizumab 200 mg + pemetrexed 500 mg/m2 Q3W until progression.

Treatment with pembrolizumab and pemetrexed will continue until 35 trial treatments have been administered, documented disease progression or unacceptable adverse event(s).

Patients will be stratified according to clinical and histopathological parameters: 1. PD-L1 status (PD-L1 \>/= 1 or \<1) 2. Age \< 65 vs =\> 65 3. Smoking history yes vs no 4. Platinum chemotherapy: cisplatin vs. carboplatin 5. Immune-related adverse events (irAEs).

TCR repertoire clonality and diversity will serve as an assessment measure for treatment response, along with PET/CT-scans, tumor exomal profile and ctDNA dynamics.",Tel Aviv Medical Center,ClinicalTrials.gov,2023,https://clinicaltrials.gov/study/NCT06045767,NCT06045767,NOT_YET_RECRUITING,,
ClinicalTrials.gov,NCT06951399,,,,T-Cell Repertoire Sequencing: Assessing Pembrolizumab Efficacy in Advanced Non-Small Lung Cancer,"This study includes patients with advanced non-small cell lung cancer (NSCLC) - either unresectable stage III or stage IV adenocarcinoma without actionable driver mutations - who are treated with pembrolizumab in combination with platinum-based doublet chemotherapy, irrespective of PD-L1 expression levels.

The primary objective is to assess treatment response through integration of serial T-cell receptor (TCR) repertoire sequencing (Rep-seq), capturing longitudinal changes in T-cell clonality and diversity. These immune dynamics will be correlated with radiographic response assessed by RECIST 1.1, with the aim of improving the accuracy of response classification, including differentiation between progression, pseudo-progression, and hyperprogression.

Additionally, circulating tumor DNA (ctDNA) levels will be measured longitudinally (pre-treatment and during treatment) to evaluate their potential as a complementary biomarker of disease burden and treatment efficacy in the context of chemo-immunotherapy.",Rabin Medical Center,ClinicalTrials.gov,2025,https://clinicaltrials.gov/study/NCT06951399,NCT06951399,NOT_YET_RECRUITING,,
ClinicalTrials.gov,NCT03865511,,,,MELROSE: Phase 2 Study Evaluating MEchanisms of Resistance on Tumor Tissue and Liquid Biopsy in Patients With EGFR Mutated Nonpretreated Advanced Lung Cancer Receiving OSimErtinib Until and Beyond Radiological Progression : the MELROSE Trial,"Osimertinib is an epidermal growth factor receptor tyrosine kinase inhibitor (EGFR-TKI) that is selective for both EGFR-TKI sensitizing and T790M resistance mutations in patients with non-small-cell lung cancer.

The AURA 3 study (T790M-positive advanced non-small-cell lung cancer in progression after first-line EGFR-TKI therapy, shown that the median duration of progression-free survival was significantly longer with osimertinib than with platinum therapy plus pemetrexed (10.1 months vs. 4.4 months p\<0.001).

In addition, clinical data show that patients with mutated EGFR NSCLC receiving osimertinib in first line, presented an objective response rate of 77 % with a disease control rate of 98 % and a median PFS was 19.3 months.

Finally, The FLAURA study randomized phase 3 study clearly demonstrated the superiority of osimertinib compared with erlotinib or gefitinib in EGFR mutated nonpretreated NSCLC (median PFS of 18.9 months versus 10.2 months).

However, several issues remain unknown or debated :

* What are the mechanisms of resistance to osimertinib prescribed in first-line?
* What are the consequences of prolonged exposure to osimertinib on the expression of markers of response to immunotherapy?
* Is there an association between kinetic parameters of ctDNA (circulating tumor DNA) and prediction of response to osimertinib and/ or and prediction of therapeutic escape under osimertinib? In order to respond to all these questions, this phase II trial will be the first to systemically analyze the mechanisms of resistance to Osimertinib based on the analysis of biopsy, and collection of plasma from all patients during the course of treatment.",Nantes University Hospital,ClinicalTrials.gov,2019,https://clinicaltrials.gov/study/NCT03865511,NCT03865511,UNKNOWN,,
ClinicalTrials.gov,NCT04585477,,,,Adjuvant ctDNA-Adapted Personalized Treatment in Early Stage NSCLC (ADAPT-E),"In this study circulating tumor DNA (ctDNA) blood testing is used to detect the residual blood cancer. If residual cancer using this blood test is detected there may be at higher risk of having the cancer return. The study is going to test whether or not the number of circulating cancer cells detected in the blood can be reduced by administration durvalumab after the standard treatment if you are tested positive for the residual cancer. Primary Objective:

The primary objective of this study is to measure the change in ctDNA from trial enrollment to after 2 cycles of adjuvant durvalumab in subjects with stage I to III NSCLC who had positive ctDNA following definitive treatment with surgery or radiation and completion of adjuvant standard of care chemotherapy. Secondary Objectives

1. To compare disease free survival (DFS)
2. To compare overall survival (OS)
3. To evaluate the frequency and severity of toxicity
4. To evaluate the severity of toxicity",Stanford University,ClinicalTrials.gov,2020,https://clinicaltrials.gov/study/NCT04585477,NCT04585477,SUSPENDED,,
ClinicalTrials.gov,NCT06902272,,,,A Phase 2 Study of Circulating Tumor DNA to Predict Response to Neoadjuvant Treatment and De-escalation Adjuvant Immunotherapy in Early-Stage NSCLC (DNA-PREDICT),The purpose of this study is to determine if a blood test called circulating tumor DNA (ctDNA) can be used to predict how well patients will respond to treatment and if there is any cancer left after surgery. The investigators will also study if a drug called pembrolizumab can help prevent the cancer from coming back in patients who are ctDNA-positive or who have evidence of cancer after treatment and surgery.,University of Miami,ClinicalTrials.gov,2025,https://clinicaltrials.gov/study/NCT06902272,NCT06902272,RECRUITING,,
ClinicalTrials.gov,NCT03986463,,,,CIrculating Tumour DNA in Lung Cancer (CITaDeL): Optimizing Sensitivity and Clinical Utility,"This is a prospective observation study in patients with non-small cell lung cancer (NSCLC) starting either cytotoxic chemotherapy or radiation therapy. It will assess changes in circulating tumor DNA (ctDNA) in the days following the initiation of treatment, as well as longitudinal monitoring, to assess the dynamics and value of ctDNA in stage III-IV NSCLC. The study consists of three cohorts of patients initiating a new treatment for their NSCLC. The cohorts of (1) patients starting concurrent chemotherapy and radiation for stage III NSCLC (2) patients with advanced NSCLC starting cytotoxic chemotherapy (with or without pembrolizumab) (3) patients with advanced NSCLC starting palliative radiation therapy. This study aims to study the changes in ctDNA levels following a new treatment in lung cancer patients and to explore if the diagnostic utility of ctDNA testing is improved immediately following treatment when tumour cells are actively dying. It will also examine the changes in ctDNA levels and mutational analysis longitudinally.",London Health Sciences Centre Research Institute OR Lawson Research Institute of St. Joseph's,ClinicalTrials.gov,2019,https://clinicaltrials.gov/study/NCT03986463,NCT03986463,COMPLETED,,
ClinicalTrials.gov,NCT04966663,,,,From Liquid Biopsy to Cure: Using ctDNA Detection of Minimal Residual Disease to Identify Patients for Curative Therapy After Lung Cancer Resection,"This is a study to look at whether the presence of circulating tumour DNA (ctDNA) in the blood can help to predict whether giving adjuvant treatment after surgery can decrease the chance of the cancer coming back in people with lung cancer. For people who have early stage non-small cell lung cancer (NSCLC), the usual treatment is surgery. For many people, surgery is enough to get rid of all the cancer. However, for some people, there may be a little bit of cancer remaining. If there is some cancer left over, it may lead to the cancer regrowing. This is called relapse.

Many cancers shed little bits of their DNA (deoxyribonucleic acid, molecules that contain instructions for how cells develop and function) into the bloodstream. A blood test can be used to test for the amount of circulating tumour DNA (ctDNA). Some studies have shown that the presence of ctDNA in the blood may predict cancer recurrence.

The purpose of this research study is to see if adjuvant treatment (additional treatment given after primary treatment) can help decrease the risk of the cancer recurring in people with lung cancer who have ctDNA detected in their blood after surgery.","University Health Network, Toronto",ClinicalTrials.gov,2021,https://clinicaltrials.gov/study/NCT04966663,NCT04966663,RECRUITING,,
ClinicalTrials.gov,NCT05534113,,,,"Sequential Envafolimab Immunotherapy After Patients With ctDNA EGFR Mutation Clearance by Treatment With Almonertinib in EGFR-Mutant, PD-LI Positive Non-small-cell Lung Cancer：Efficacy and Safety Clinical Trial","This is a prospective, single-arm, open-label, interventional clinical study, aimed at exploring the efficacy and safety of sequential Envafolimab immunotherapy after patients with ctDNA EGFR mutation clearance and achieved stable radiographically deep esponse after first line treatment with Almonertinib in EGFR-Mutant, PD-LI positive non-small-cell lung cancer. The study includes a screening period (not more than 28 days after the subject signs informed consent to before the first medication), treatment period (including Almonertinib treatment in 6-8 weeks after enrollment\\ctDNA testing and radiographically imaging assessment\\ctDNA guiding sequential Envafolimab immunotherapy) and follow-up period (including survival and safety) .

Eligible subjects receive 110 mg of Almonertinib once a day for 6-8 consecutive weeks of treatment，and receive ctDNA testing and radiographically imaging assessment again. According to test results, there are two types:

1. EGFR mutation is positive, subjects subsequent treament is up to the investigator (continue to receive 110 mg of Almonertinib once a day or combination therapy regimen), follow up every 6 weeks.
2. EGFR mutation is negative and achieve stable radiographically deep response after 6-8 weeks treatment with Almonertinib, subjects will stop Almonertinib treatment，and receive sequential Envafolimab immunotherapy (ctDNA dynamic monitoring guided treatment，every 6 weeks test ctDNA once, if it is negative, subjects continue to receive Envafolimab immunotherapy until ctDNA EGFR turns positive; if ctDNA EGFR is positive, subjects stop Envafolimab immunotherapy and receive Almonertinib 110 mg once a day again until ctDNA EGFR turns negative).

The treatment will continue until disease progression assessed by the investigator according to RECIST 1.1 criteria, or withdrawal or termination criteria are reached.",The First Affiliated Hospital with Nanjing Medical University,ClinicalTrials.gov,2022,https://clinicaltrials.gov/study/NCT05534113,NCT05534113,UNKNOWN,,
ClinicalTrials.gov,NCT06634199,,,,Study of Antitumor Immune Response Generated After Concurrent Chemo-radiotherapy (cCRT) and IO Treatment in Non-resectable Stage IIIA/B and IIIC NSCLC Patients Treated in Real World.,"Observational, multicenter, one-arm, non-comparative study. Data will be recorded in a retrospectively manner. The study will be based on secondary data collected from patient clinical chart completed by the doctor during routine visits. The primary objective is describe the antitumor immune response generated in the context of IO (immunotherapy) treatment after cCRT in patients with unresectable NSCLC treated in real world. The study is based on the collection of blood samples and tumor sample analysis, in real world NSCLC stage IIIA/B and IIIC; PD-L1\>1%; non-resectable patients on treatment with IO after cCRT without progression. The patients participating in this study will not receive treatment in relation to the study, no drugs will be provided. Patients will be treated as per standard clinical practice. All data collected for this study will be collected retrospectively from patient clinical chart. Only secondary data collected will be analyzed together will samples analysis information.The duration of the study is expected to be 3 years.",Fundación GECP,ClinicalTrials.gov,2024,https://clinicaltrials.gov/study/NCT06634199,NCT06634199,RECRUITING,,
ClinicalTrials.gov,NCT06227728,,,,"Analysis of PD-L1, TMB, CTDNA in Immunotherapy Response Monitoring and Prediction in Advancer Lung Cancer Treatment.","This is an observational clinical trial, aiming to investigate whether the ctDNA dynamics could predict early response to ICIs in patients with advanced-stage cancer. Moreover, conventional tumor markers PD-L1, TMB and MSI are to be investigated for their combined prognostic values in ICI treatment. This study is recruiting female and male patients, aged 18 and older:

* Who are diagnosed with stage IV cancer (lung, colorectal, breast, liver, gastric…) and indicated for ICI (first or second line). Concurrent chemotherapy with ICI is allowed.
* Who have not started ICI before enrollment,
* Compliant with treatment protocol,
* Who have no medical or psychiatric conditions or occupational, responsibilities that may preclude compliance with the protocol,
* Who consented to participate in the study.

Sample collection.

* 10 mL of peripheral blood (in Streck tubes) is collected for ctDNA analysis at 5 time points: pre-treatment (\<10 days before ICI), during ICI every 3 months until 12 months.
* 6-8 sections of formalin-fixed paraffin-embedded (FFPE) tumor samples.

As part of the protocol, demographic data, height, weight, medical and family history, and any relevant prior concomitant medication data will be recorded during follow-up visits. All patients are to be followed for 2 years from enrollment, with CT scan/ MRI/ PET-CT imaging measured every clinical visit for 24 months.

Tumor sample processing,

Genomic DNA was isolated from FFPE and matching white blood cells (WBC) samples by the QIAamp DNA FFPE Tissue Kit (Qiagen, USA) and the MagMAX™ DNA Multi-Sample Ultra 2.0 kit (ThermoFisher, USA) respectively according to manufacturers' instructions. DNA fragmentation and library preparation for both FFPE and WBC samples were performed using the NEBNext Ultra II FS DNA library prep kit (New England Biolabs, USA). Libraries were hybridized with predesigned probes for a gene panel of 473 targeted genes (Integrated DNA Technologies, USA). This gene panel was curated from large public cancer databases, high-impact cancer genomic studies, and particularly in-house database of prevalent mutations from \>10,000 cancer patients. The panel included entire exons of 473 genes, promoter region of TERT, and selected introns of 6 common fusion genes. Massive parallel sequencing of DNA libraries was performed on the DNBSEQ-G400 sequencer (MGI, China) with an average depth of 500X for FFPE and 500X for WBC samples.

TMB and MSI analysis,

TMB calculation was performed using our in-house developed script to divide the total number of eligible somatic variants by the size of the interrogated panel. An eligible somatic variant must meet all of the following criteria: (1) pass filtering parameters of the variant calling pipeline, (2) not likely a germline variant as filtered by the dbSNP database, (3) locate within the coding region, (4) not a synonymous mutation, (5) have VAF ≥ 5%, allele depth ≥ 5X, total depth ≥ 15X. The panel size was counted for the bases within coding regions with the minimal total depth ≥ 15X. The threshold for TMB-High (TMB-H) was determined as 10 mutations/Mb.

For MSI status, unstable microsatellite loci were detected by MSIsensor-pro (v1.2.0) in matched tumor-normal mode. If the proportion of unstable loci among all detected microsatellite loci was at least 20%, the sample was determined as MSI-High (MSI-H).

Tumor variant calling and ranking,

Sequencing data were processed based on best practices workflows from Genome Analysis Tool Kit (GATK) for somatic variant calling. Specifically, reads were aligned to the human reference genome (GRCh38) by BWA-MEM (v0.7.15). Post-alignment procedures including sorting, marking duplicated reads, and accessing alignment quality were done by Picard (v2.25.6). Somatic variants were called by GATK MuTect2 (v4.0.12.0) in the tumor-normal mode for paired FFPE and WBC samples with the use of a panel of normals and the population allele frequency from The Genome Aggregation Database (gnomAD). All filtered variants were further assessed for their functional impact using Variant Effect Predictor with the data from COSMIC and Clinvar databases. For mutational spectrum analysis, a minimum Variant allele frequency (VAF) of 5% in FFPE was applied for additional filtering. The annotated Variant Call Format (VCF) was then converted to the Mutation Annotation File (MAF) format using vcf2maf (doi:10.5281/zenodo.593251). The MAF data were analyzed and visualized by the 'maftools' in R package v3.4.2. All non-synonymous alterations were ranked by our K-TrackTM scoring algorithm to identify the most potential tumor-derived mutations to track. The top mutations unique to each patient were selected to design bespoke multiplex PCR assays in plasma.

Plasma sample processing and multiplex PCR,

cfDNA was extracted from plasma samples using the MagMAX™ Cell-Free DNA Isolation Kit (ThermoFisher, USA). Compatible primers were designed by Primer-BLAST software and synthesized by PhuSa Biochem, Vietnam. cfDNA fragments carrying the selected mutation sites were amplified in a bespoke multiplex PCR reaction containing designed primer pairs and enzyme KAPA HiFi DNA Polymerase (Roche, USA). Additionally, cfDNA fragments were also amplified in another multiplex PCR reaction, including primer pairs that amplify 50 target gene regions containing mutations for targeted therapy, drug resistance, and frequent mutations in metastatic lung cancer. Amplified cfDNA fragments were indexed and sequenced on the NextSeq 2000 system (Illumina, USA) with an average depth of 100,000X per amplicon. Amplicons with less than 10,000X coverage were considered unsuccessful.

Plasma variant calling and ctDNA analysis,

The raw fastq data of amplicons were removed adapters with Trimmomatic (v0.39), mapped to the human reference genome (GRCh38) using BWA-MEM (v0.7.15), sorted and marked duplicates using Picard (v2.25.6). Variant calling was performed using mpileup from Samtools (v1.11). A plasma sample that had at least one mutation with VAF above 0.05% was defined as ctDNA positive.",Gene Solutions,ClinicalTrials.gov,2024,https://clinicaltrials.gov/study/NCT06227728,NCT06227728,RECRUITING,,
ClinicalTrials.gov,NCT06840782,,,,"First-line Immunotherapy-based Standard of Care and Local Ablative Treatments for Oligometastatic Non-small Cell Lung Cancer Patients: a Randomized, Multicentre, Open-label Phase III Study","First-line immunotherapy-based standard of care and local ablative treatments for oligometastatic non-small cell lung cancer patients: a randomized, multicentre, open-label phase III study","Gustave Roussy, Cancer Campus, Grand Paris",ClinicalTrials.gov,2025,https://clinicaltrials.gov/study/NCT06840782,NCT06840782,RECRUITING,,
